{
	"format_version": "1.8.0",
	"animations": {
		"animation.kakapo.idle": {
			"loop": true,
			"animation_length": 2.08333
		},
		"animation.kakapo.walk": {
			"loop": true,
			"animation_length": 2.08333,
			"bones": {
				"body": {
					"rotation": {
						"0.0": {
							"vector": [0, 0, 0]
						},
						"0.25": {
							"vector": [9.51432, 0.82852, -4.93105]
						},
						"0.4583": {
							"vector": [17.5, 0, 0]
						},
						"0.7083": {
							"vector": [17.10115, -2.21702, 7.16662]
						},
						"1.0": {
							"vector": [16.89796, 0.15218, -0.56484]
						},
						"1.25": {
							"vector": [16.64753, -0.65657, 2.16515]
						},
						"1.4167": {
							"vector": [16.5, 0, 0]
						},
						"1.7083": {
							"vector": [8.24226, 0.35862, -2.47416]
						},
						"2.0": {
							"vector": [0, 0, 0]
						}
					},
					"position": {
						"0.0": {
							"vector": [0, 0, 0]
						},
						"0.4583": {
							"vector": [0, -0.25, 0]
						},
						"1.4167": {
							"vector": [0, -0.39, 0]
						},
						"2.0": {
							"vector": [0, 0, 0]
						}
					},
					"scale": {
						"0.0": {
							"vector": [1, 1, 1]
						},
						"2.0": {
							"vector": [1, 1, 1]
						}
					}
				},
				"head": {
					"rotation": {
						"0.0": {
							"vector": [0, 0, 0]
						},
						"0.2917": {
							"vector": [5, 0, 0]
						},
						"0.75": {
							"vector": [1.16201, 2.4949, 0.15963]
						},
						"1.1667": {
							"vector": [-4.22557, -0.8365, 0.07262]
						},
						"1.5": {
							"vector": [-2.1222, -5.41484, 0.22124]
						},
						"2.0": {
							"vector": [0, 0, 0]
						}
					},
					"position": {
						"0.0": {
							"vector": [0, 0, 0]
						},
						"2.0": {
							"vector": [0, 0, 0]
						}
					},
					"scale": {
						"0.0": {
							"vector": [1, 1, 1]
						},
						"2.0": {
							"vector": [1, 1, 1]
						}
					}
				},
				"left_wing": {
					"rotation": {
						"0.0": {
							"vector": [0, 0, 0]
						},
						"0.3333": {
							"vector": [0, 7.5, 0]
						},
						"0.7917": {
							"vector": [0, -2.06, 0]
						},
						"1.5": {
							"vector": [-10.02444, 4.07153, -0.86937]
						},
						"1.75": {
							"vector": [-5.07898, 9.50679, -1.09719]
						},
						"2.0": {
							"vector": [0, 0, 0]
						}
					},
					"position": {
						"0.0": {
							"vector": [0, 0, 0]
						},
						"2.0": {
							"vector": [0, 0, 0]
						}
					},
					"scale": {
						"0.0": {
							"vector": [1, 1, 1]
						},
						"2.0": {
							"vector": [1, 1, 1]
						}
					}
				},
				"right_wing": {
					"rotation": {
						"0.0": {
							"vector": [0, 0, 0]
						},
						"0.3333": {
							"vector": [0, -7.5, 0]
						},
						"0.7917": {
							"vector": [1.79205, 2.09838, -0.00083]
						},
						"1.5": {
							"vector": [1.13812, -6.17324, -0.14911]
						},
						"1.75": {
							"vector": [0.59672, 1.91426, -0.1011]
						},
						"2.0": {
							"vector": [0, 0, 0]
						}
					},
					"position": {
						"0.0": {
							"vector": [0, 0, 0]
						},
						"2.0": {
							"vector": [0, 0, 0]
						}
					},
					"scale": {
						"0.0": {
							"vector": [1, 1, 1]
						},
						"2.0": {
							"vector": [1, 1, 1]
						}
					}
				},
				"tail": {
					"rotation": {
						"0.0": {
							"vector": [0, 0, 0]
						},
						"0.2083": {
							"vector": [0, 0, -7.5]
						},
						"0.5": {
							"vector": [0, 5, -1.27907]
						},
						"0.75": {
							"vector": [0, -3.33333, -1.06589]
						},
						"1.0": {
							"vector": [0, -10.16667, -0.85271]
						},
						"1.25": {
							"vector": [0, -0.125, -0.63953]
						},
						"1.5": {
							"vector": [0, -10.08333, -0.42636]
						},
						"1.8333": {
							"vector": [0, -3.36111, -0.14212]
						},
						"2.0": {
							"vector": [0, 0, 0]
						}
					},
					"position": {
						"0.0": {
							"vector": [0, 0, 0]
						},
						"2.0": {
							"vector": [0, 0, 0]
						}
					},
					"scale": {
						"0.0": {
							"vector": [1, 1, 1]
						},
						"2.0": {
							"vector": [1, 1, 1]
						}
					}
				},
				"left_leg": {
					"rotation": {
						"0.0": {
							"vector": [0, 0, 0]
						},
						"0.25": {
							"vector": [27.5, 0, 0]
						},
						"0.5": {
							"vector": [1.07, 0, 0]
						},
						"0.75": {
							"vector": [-24.46, 0, 0]
						},
						"1.0": {
							"vector": [-12.07, 0, 0]
						},
						"1.25": {
							"vector": [0.32, 0, 0]
						},
						"1.5": {
							"vector": [20.21, 0, 0]
						},
						"1.75": {
							"vector": [30.11, 0, 0]
						},
						"2.0": {
							"vector": [0, 0, 0]
						}
					},
					"position": {
						"0.0": {
							"vector": [0, 0, 0]
						},
						"0.25": {
							"vector": [0, 0.5, 0]
						},
						"0.5": {
							"vector": [0, 0.18, 0]
						},
						"0.75": {
							"vector": [0, 0.09, 0]
						},
						"1.0": {
							"vector": [0, 0.07, 0]
						},
						"1.25": {
							"vector": [0, 0.05, 0]
						},
						"1.5": {
							"vector": [0, 0.62, 0]
						},
						"1.75": {
							"vector": [0, 0.44, 0]
						},
						"2.0": {
							"vector": [0, 0, 0]
						}
					},
					"scale": {
						"0.0": {
							"vector": [1, 1, 1]
						},
						"2.0": {
							"vector": [1, 1, 1]
						}
					}
				},
				"right_leg": {
					"rotation": {
						"0.0": {
							"vector": [0, 0, 0]
						},
						"0.25": {
							"vector": [-25, 0, 0]
						},
						"0.5": {
							"vector": [0.83, 0, 0]
						},
						"0.75": {
							"vector": [26.11, 0, 0]
						},
						"1.0": {
							"vector": [30.89, 0, 0]
						},
						"1.25": {
							"vector": [10.67, 0, 0]
						},
						"1.5": {
							"vector": [2.11, 0, 0]
						},
						"1.75": {
							"vector": [-13.94, 0, 0]
						},
						"2.0": {
							"vector": [0, 0, 0]
						}
					},
					"position": {
						"0.0": {
							"vector": [0, 0, 0]
						},
						"0.5": {
							"vector": [0, 0.08, 0]
						},
						"0.75": {
							"vector": [0, 0.5, 0]
						},
						"1.0": {
							"vector": [0, 0.9, 0]
						},
						"1.25": {
							"vector": [0, 0.43, 0]
						},
						"1.5": {
							"vector": [0, 0.04, 0]
						},
						"2.0": {
							"vector": [0, 0, 0]
						}
					},
					"scale": {
						"0.0": {
							"vector": [1, 1, 1]
						},
						"2.0": {
							"vector": [1, 1, 1]
						}
					}
				},
				"beak": {
					"rotation": {
						"0.0": {
							"vector": [0, 0, 0]
						},
						"2.0": {
							"vector": [0, 0, 0]
						}
					},
					"position": {
						"0.0": {
							"vector": [0, 0, 0]
						},
						"2.0": {
							"vector": [0, 0, 0]
						}
					},
					"scale": {
						"0.0": {
							"vector": [1, 1, 1]
						},
						"2.0": {
							"vector": [1, 1, 1]
						}
					}
				},
				"whiskers": {
					"rotation": {
						"0.0": {
							"vector": [0, 0, 0]
						},
						"0.25": {
							"vector": [0, 0, 7.5]
						},
						"0.5417": {
							"vector": [0, 0, -11.25]
						},
						"0.8333": {
							"vector": [0, 0, 8.5]
						},
						"1.2083": {
							"vector": [5, 0, 0.77]
						},
						"1.5417": {
							"vector": [2.85083, 0.50246, -9.54171]
						},
						"1.7917": {
							"vector": [1.3108, 0.11459, 0.66159]
						},
						"2.0": {
							"vector": [0, 0, 0]
						}
					},
					"position": {
						"0.0": {
							"vector": [0, 0, 0]
						},
						"2.0": {
							"vector": [0, 0, 0]
						}
					},
					"scale": {
						"0.0": {
							"vector": [1, 1, 1]
						},
						"2.0": {
							"vector": [1, 1, 1]
						}
					}
				}
			}
		},
		"animation.kakapo.shed": {
			"loop": true,
			"animation_length": 3.20833,
			"bones": {
				"body": {
					"rotation": {
						"0.0": {
							"vector": [0, 0, 0]
						},
						"0.4167": {
							"vector": [-7.5, 0, 0]
						},
						"0.7917": {
							"vector": [-13.22, 0, 0]
						},
						"1.0417": {
							"vector": [-4.93238, 9.40752, -0.72581]
						},
						"1.1667": {
							"vector": [0.88, 0, 0]
						},
						"1.3333": {
							"vector": [0.83281, -10.03523, -0.14258]
						},